{"cameraMode":{"drawMode":0,"name":"Shaded","section":"Shading Mode"},"sceneLighting":true,"audioPlay":false,"sceneViewState":{"showFog":true,"showMaterialUpdate":false,"showSkybox":true,"showFlares":true,"showImageEffects":true,"showParticleSystems":true},"in2DMode":false,"pivot":{"x":65.59698486328125,"y":-26.348621368408204,"z":56.3791618347168},"rotation":{"x":0.1711077094078064,"y":0.40880995988845827,"z":-0.07833113521337509,"w":0.8930066823959351},"size":111.24178314208985,"orthographic":false}