{"cameraMode":{"drawMode":0,"name":"Shaded","section":"Shading Mode"},"sceneLighting":false,"audioPlay":false,"sceneViewState":{"showFog":true,"showMaterialUpdate":false,"showSkybox":true,"showFlares":true,"showImageEffects":true,"showParticleSystems":true},"in2DMode":false,"pivot":{"x":-1.8178019523620606,"y":2.103659152984619,"z":-7.8666558265686039},"rotation":{"x":-0.0222229715436697,"y":0.5808950066566467,"z":-0.01586919091641903,"w":-0.8135203719139099},"size":4.4465837478637699,"orthographic":false}