{"cameraMode":{"drawMode":0,"name":"Shaded","section":"Shading Mode"},"sceneLighting":false,"audioPlay":false,"sceneViewState":{"showFog":true,"showMaterialUpdate":false,"showSkybox":true,"showFlares":true,"showImageEffects":true,"showParticleSystems":true},"in2DMode":false,"pivot":{"x":5.328256607055664,"y":0.028362274169921876,"z":15.410699844360352},"rotation":{"x":-0.1310311108827591,"y":0.7735542058944702,"z":-0.16998714208602906,"w":-0.596279501914978},"size":22.0,"orthographic":false}