{"cameraMode":{"drawMode":0,"name":"Shaded","section":"Shading Mode"},"sceneLighting":false,"audioPlay":false,"sceneViewState":{"showFog":true,"showMaterialUpdate":false,"showSkybox":true,"showFlares":true,"showImageEffects":true,"showParticleSystems":true},"in2DMode":false,"pivot":{"x":-11.922511100769043,"y":-4.799216270446777,"z":-23.106752395629884},"rotation":{"x":-0.04425985738635063,"y":0.9554996490478516,"z":-0.19499462842941285,"w":-0.21688400208950044},"size":22.0,"orthographic":false}