{"cameraMode":{"drawMode":0,"name":"Shaded","section":"Shading Mode"},"sceneLighting":false,"audioPlay":false,"sceneViewState":{"showFog":true,"showMaterialUpdate":false,"showSkybox":true,"showFlares":true,"showImageEffects":true,"showParticleSystems":true},"in2DMode":false,"pivot":{"x":-1.5562419891357422,"y":1.276698112487793,"z":-0.937225341796875},"rotation":{"x":-0.0978318378329277,"y":0.8594368696212769,"z":-0.17942145466804505,"w":-0.46862050890922549},"size":2.8578836917877199,"orthographic":false}