{"cameraMode":{"drawMode":0,"name":"Shaded","section":"Shading Mode"},"sceneLighting":false,"audioPlay":false,"sceneViewState":{"showFog":true,"showMaterialUpdate":false,"showSkybox":true,"showFlares":true,"showImageEffects":true,"showParticleSystems":true},"in2DMode":false,"pivot":{"x":-1.5398271083831788,"y":0.25522398948669436,"z":-9.164323806762696},"rotation":{"x":-0.1744910329580307,"y":0.6733517646789551,"z":-0.16821835935115815,"w":-0.6984646916389465},"size":4.4465837478637699,"orthographic":false}